Gene,m1,SEM,s1,n1,m2,SEM,s2,n2,m3,sem,s3,n3,two-tailed p value (testing for sig diff in means between WT vs het) ,two-tailed p value (testing for sig diff in means between WT vs mutant) ,
Spac_male,9.6,0.4,1.549193338,15,8.7,0.5,2.397915762,23,0,-,0,12,0.2245,<0.0001,-
Meig_male,8.6,0.6,1.697056275,8,8.4,0.4,1.13137085,8,0,-,0,9,0.7856,<0.0001,-
Meig_female,9.4,0.5,1.414213562,8,9.6,0.4,1.13137085,8,10.1,0.6,1.697056275,8,0.7594,0.3853,0.3853
Sun5_male,10.65,0.21,0.514392846,6,10.27,0.38,0.930806102,6,0,-,0,6,0.402,<0.0001,-
Spem1_male,8.6,0.6,1.897366596,10,8.8,0.4,1.264911064,10,0,-,0,10,0.7847,<0.0001,-